sampling_strategy,feature_type,auc_standard,auc_standard_std,auc_lopo,auc_lopo_std,auc_inflation,model_lr_standard_mean,model_lr_standard_std,model_rf_standard_mean,model_rf_standard_std,model_lr_lopo_mean,model_lr_lopo_std,model_rf_lopo_mean,model_rf_lopo_std
random_swap,biophysical,0.7637187867230397,0.04181648053380748,0.5389575573519652,0.29228917034763097,0.22476122937107457,0.7230481639002849,0.010492053465940693,0.8043894095457949,0.00888559401249243,0.47872691745471546,0.375601782954015,0.599188197249215,0.15011248742830682
epitope_balanced,biophysical,0.753906460188217,0.04605499481655826,0.5389575573519652,0.29228917034763097,0.2149489028362519,0.7104021255626509,0.016965024555443416,0.7974107948137833,0.013002260361689109,0.47872691745471546,0.375601782954015,0.599188197249215,0.15011248742830682
within_cluster,biophysical,0.6024452055653832,0.1286041457959857,0.5389575573519652,0.29228917034763097,0.06348764821341801,0.4747437489806417,0.017720162379444234,0.7301466621501248,0.012195263398021744,0.47872691745471546,0.375601782954015,0.599188197249215,0.15011248742830682
shuffled_cdr3,biophysical,0.28114734102539435,0.10328172313660032,0.5389575573519652,0.29228917034763097,-0.2578102163265708,0.3836314390343522,0.012892927826434392,0.1786632430164366,0.012728723061396987,0.47872691745471546,0.375601782954015,0.599188197249215,0.15011248742830682
random_swap,sequence,0.49552472039957446,0.3269810903230186,0.581016483963521,0.16117735254717275,-0.08549176356394655,0.16867025480823514,0.00926360970938564,0.8223791859909138,0.0089313514549689,0.5572360465127135,0.17464474511490272,0.604796921414329,0.14256392440332985
epitope_balanced,sequence,0.5854026483105486,0.23235832034810944,0.581016483963521,0.16117735254717275,0.0043861643470275435,0.353596435835135,0.01936893942067052,0.8172088607859619,0.011721005559025223,0.5572360465127135,0.17464474511490272,0.604796921414329,0.14256392440332985
within_cluster,sequence,0.5486017539237459,0.234477461957396,0.581016483963521,0.16117735254717275,-0.03241473003977513,0.31462815896554464,0.016635060060320863,0.7825753488819469,0.013976724703055858,0.5572360465127135,0.17464474511490272,0.604796921414329,0.14256392440332985
shuffled_cdr3,sequence,0.9999418704337971,5.3373968305951506e-05,0.581016483963521,0.16117735254717275,0.4189253864702761,0.999955113380534,5.395604718266703e-05,0.9999286274870604,4.935133920493486e-05,0.5572360465127135,0.17464474511490272,0.604796921414329,0.14256392440332985
