peptide,n_unique_cdr3b,mean_hamming,std_hamming,median_hamming,lopo_auc
ATDALMTGF,95,0.6837773002441702,0.16301211479942485,0.7333333333333333,0.7891549556213018
CINGVCWTV,177,0.6996030413425358,0.11135793982466619,0.7142857142857143,0.3679417122040072
GILGFVFTL,352,0.6033091739222487,0.17732837476254712,0.6428571428571429,0.3387843993295847
GLCTLVAML,114,0.7448468662428561,0.16185604413942103,0.7692307692307693,0.8807937699380746
GPRLGVRAT,32,0.7082279039614191,0.11880615093814627,0.7222222222222222,0.1140625
HPVTKYIM,46,0.6834066912897622,0.13267929157675434,0.6875,0.7183159722222223
KSKRTPMGF,63,0.6649295808030524,0.12417831681257963,0.6875,0.7625605536332181
LLWNGPMAV,178,0.6823031054006666,0.1460233117601863,0.7058823529411765,0.9081456541421458
LTDEMIAQY,95,0.7232391199509637,0.12058765579096928,0.7333333333333333,0.5637500000000001
NLVPMVATV,250,0.7336730819530475,0.12031746619062103,0.7333333333333333,0.5689767702061911
NQKLIANQF,53,0.7162764071202794,0.11682788588865498,0.7222222222222222,0.4811862244897959
NYNYLYRLF,39,0.4056161112841275,0.21430329884299762,0.3076923076923077,0.8354855371900827
RAQAPPPSW,7,0.6741322169893597,0.18211823269704078,0.7333333333333333,0.2673611111111111
SPRWYFYYL,92,0.7246028942999366,0.12991892712524675,0.7333333333333333,0.3265595463137996
TPRVTGGGAM,45,0.6477218587512705,0.1466506419911105,0.6875,0.2903703703703704
TTDPSFLGRY,185,0.7077695424818187,0.12745328639455636,0.7142857142857143,0.5141480308196194
YLQPRTFLL,244,0.7208715452330708,0.182081219466496,0.7647058823529411,0.4346813673918837
