strategy,feature_type,model,mean_cv_auc,mean_lopo_auc,inflation
random_swap,biophysical,MLP,0.8631619556626143,0.45286479632278853,0.4102971593398258
random_swap,sequence,MLP,0.8423607713249778,0.22235486765531107,0.6200059036696667
shuffled_cdr3,biophysical,MLP,0.4258298100125041,0.4993970821670655,-0.07356727215456144
shuffled_cdr3,sequence,MLP,0.9999142693448088,0.999521618846487,0.0003926504983217116
