peptide,train_neg_type,feature_type,model,mean_auc,std_auc
GILGFVFTL,experimental,biophysical,LR,0.07191572281086349,0.00191420767054666
GILGFVFTL,experimental,biophysical,RF,0.5566211992043194,0.008630125578699526
GILGFVFTL,experimental,sequence,LR,0.28332419924491536,0.007761417587271633
GILGFVFTL,experimental,sequence,RF,0.6682143872041569,0.01324579056947018
GILGFVFTL,swapped,biophysical,LR,0.992164981934803,0.005137397837836782
GILGFVFTL,swapped,biophysical,RF,0.9285054601550765,0.007959057236976534
GILGFVFTL,swapped,sequence,LR,0.6329162099622458,0.020581124972487694
GILGFVFTL,swapped,sequence,RF,0.9581988592538465,0.008151422496429316
GLCTLVAML,experimental,biophysical,LR,0.9506208911614317,0.0012623794883677357
GLCTLVAML,experimental,biophysical,RF,0.9092524957389823,0.00217699468685241
GLCTLVAML,experimental,sequence,LR,0.7983442902361823,0.009010917216424486
GLCTLVAML,experimental,sequence,RF,0.8888239590942293,0.00536875816654869
GLCTLVAML,swapped,biophysical,LR,0.15646457268078887,0.0007255741137448744
GLCTLVAML,swapped,biophysical,RF,0.3506208911614317,0.03329750249555538
GLCTLVAML,swapped,sequence,LR,0.41889457024592164,0.06779513617815695
GLCTLVAML,swapped,sequence,RF,0.5025322619917215,0.016212303870377427
