benchmark,sampling_strategy,feature_type,auc_standard,auc_standard_std,auc_lopo,auc_lopo_std,auc_inflation,immrep22_inflation,directional_match,model_lr_standard,model_rf_standard,model_lr_lopo,model_rf_lopo,n_peptides,n_positives
IMMREP23,random_swap,biophysical,0.8911954782740072,0.024956019970936053,0.63318459821557,0.20445805708757545,0.2580108800584372,0.2248,True,0.8672076868679083,0.9151832696801064,0.5934833160395416,0.6728858803915986,13,4563
IMMREP23,random_swap,sequence,0.7350741191312149,0.1874997028614361,0.6397443953589108,0.13541314881710378,0.09532972377230409,-0.0855,False,0.5479314629647297,0.9222167752977002,0.5929705487492349,0.6865182419685865,13,4563
IMMREP23,within_cluster,biophysical,0.950744104479534,0.04330059839906555,0.63318459821557,0.20445805708757545,0.3175595062639639,0.0635,True,0.9083057910784234,0.9931824178806444,0.5934833160395416,0.6728858803915986,13,4563
IMMREP23,within_cluster,sequence,0.9786001137080188,0.017975682606155164,0.6397443953589108,0.13541314881710378,0.338855718349108,-0.0324,False,0.9611066871867584,0.9960935402292793,0.5929705487492349,0.6865182419685865,13,4563
