peptide,n_test_positives,n_train_positives,lopo_auc
ATDALMTGF,104,2341,0.7891549556213018
CINGVCWTV,183,2262,0.3679417122040072
GILGFVFTL,544,1901,0.3387843993295847
GLCTLVAML,146,2299,0.8807937699380746
GPRLGVRAT,40,2405,0.1140625
HPVTKYIM,48,2397,0.7183159722222223
KSKRTPMGF,85,2360,0.7625605536332181
LLWNGPMAV,188,2257,0.9081456541421458
LTDEMIAQY,100,2345,0.5637500000000001
NLVPMVATV,274,2171,0.5689767702061911
NQKLIANQF,56,2389,0.4811862244897959
NYNYLYRLF,44,2401,0.8354855371900827
RAQAPPPSW,36,2409,0.2673611111111111
SPRWYFYYL,92,2353,0.3265595463137996
TPRVTGGGAM,45,2400,0.2903703703703704
TTDPSFLGRY,193,2252,0.5141480308196194
YLQPRTFLL,267,2178,0.4346813673918837
